state,poll_week,win,trump_elo,biden_elo,mov
WI,9,0,1003,997,0.0059240250000000575
WI,10,0,1003,997,0.006785328571428693
WI,11,0,1003,997,0.002879599999999982
WI,12,0,1003,997,0.0022100714285714675
WI,13,0,1003,997,0.00033507142857139624
WI,14,1,1003,997,0.004473971428571488
WI,15,1,1003,997,0.004989057142857121
WI,16,1,1003,997,0.008151628571428588
WI,17,1,1003,997,0.015490557142857212
WI,18,1,1003,997,0.016594685714285688
WI,19,1,1002,998,0.026930585714285655
WI,20,1,1001,999,0.04575448571428566
WI,21,1,1000,1000,0.050109614285714275
WI,22,1,999,1001,0.047782328571428605
WI,23,1,998,1002,0.04855507142857143
WI,24,1,997,1003,0.05053145714285705
WI,25,1,996,1004,0.048844714285714304
WI,26,1,994,1006,0.07058517142857142
WI,27,1,992,1008,0.07809689999999989
WI,28,1,990,1010,0.07846202857142863
WI,29,1,988,1012,0.07544162857142858
WI,30,1,986,1014,0.07331694285714285
WI,31,1,984,1016,0.07348502857142862
WI,32,1,982,1018,0.07589244285714286
WI,33,1,980,1020,0.07185571428571422
WI,34,1,979,1021,0.028480995238095302
WI,35,1,978,1022,0.03712509404761896
WI,36,1,977,1023,0.042676585714285765
WI,37,1,976,1024,0.02773028571428583
WI,38,1,976,1024,0.020503607142857164
WI,39,1,976,1024,0.019375778571428484
WI,40,1,975,1025,0.02402667857142845
WI,41,1,974,1026,0.027009707142857168
WI,42,1,973,1027,0.03548818571428569
WI,43,1,972,1028,0.033611364285714415
WI,44,1,971,1029,0.03556339999999992
WV,9,0,1167,833,0.349953075
WV,10,0,1169,831,0.34998744285714267
WV,11,0,1171,829,0.34971887142857133
WV,12,0,1173,827,0.3501258285714286
WV,13,0,1175,825,0.3501961571428572
WV,14,0,1177,823,0.35016724285714274
WV,15,0,1179,821,0.3496595571428571
WV,16,0,1181,819,0.35003184285714284
WV,17,0,1183,817,0.3498444285714286
WV,18,0,1185,815,0.3496380142857143
WV,19,0,1187,813,0.3496572714285715
WV,20,0,1189,811,0.3499612999999999
WV,21,0,1191,809,0.3501002857142856
WV,22,0,1193,807,0.3500502857142858
WV,23,0,1195,805,0.35011257142857133
WV,24,0,1197,803,0.3500581142857143
WV,25,0,1199,801,0.34975272857142864
WV,26,0,1201,799,0.34942394285714284
WV,27,0,1203,797,0.3498386571428572
WV,28,0,1205,795,0.34985678571428563
WV,29,0,1207,793,0.3503618
WV,30,0,1208,792,0.31681374285714275
WV,31,0,1209,791,0.30348955714285714
WV,32,0,1210,790,0.3031349571428571
WV,33,0,1211,789,0.30188175714285714
WV,34,0,1212,788,0.2736756130952381
WV,35,0,1213,787,0.16838662023809525
WV,36,0,1214,786,0.14657261428571425
WV,37,0,1215,785,0.1466651500000001
WV,38,0,1216,784,0.14662634285714296
WV,39,0,1217,783,0.1461702714285714
WV,40,0,1218,782,0.1481073642857143
WV,41,0,1219,781,0.13924423571428585
WV,42,0,1219,781,0.11946385
WV,43,0,1219,781,0.12011709285714282
WV,44,0,1219,781,0.11865560000000003
VA,9,1,979,1021,0.05197292500000003
VA,10,1,978,1022,0.05246949999999998
VA,11,1,977,1023,0.052752157142857144
VA,12,1,976,1024,0.05232042857142858
VA,13,1,975,1025,0.05224405714285716
VA,14,1,974,1026,0.05227427142857131
VA,15,1,973,1027,0.06351178571428562
VA,16,1,972,1028,0.06729321428571416
VA,17,1,971,1029,0.06743294285714292
VA,18,1,970,1030,0.06765479999999996
VA,19,1,969,1031,0.06762894285714288
VA,20,1,968,1032,0.07005295714285716
VA,21,1,966,1034,0.07659961428571428
VA,22,1,964,1036,0.07641512857142857
VA,23,1,962,1038,0.0761598142857143
VA,24,1,961,1039,0.07623435714285719
VA,25,1,960,1040,0.07660745714285704
VA,26,1,959,1041,0.07702614285714277
VA,27,1,958,1042,0.07660662857142853
VA,28,1,957,1043,0.07656118571428565
VA,29,1,956,1044,0.07577198571428567
VA,30,1,955,1045,0.07588540000000002
VA,31,1,953,1047,0.08976801428571435
VA,32,1,951,1049,0.09488648571428569
VA,33,1,949,1051,0.09610150000000005
VA,34,1,948,1052,0.05121745000000004
VA,35,1,947,1053,0.054397995238095194
VA,36,1,946,1054,0.05798029285714286
VA,37,1,945,1055,0.05790367857142854
VA,38,1,944,1056,0.05550639285714283
VA,39,1,943,1057,0.05202652142857147
VA,40,1,942,1058,0.05045608571428566
VA,41,1,941,1059,0.05187578571428581
VA,42,1,940,1060,0.05717739999999992
VA,43,1,939,1061,0.0604348571428573
VA,44,1,938,1062,0.05883789999999998
UT,9,0,1090,910,0.18486625000000004
UT,10,0,1092,908,0.18082381428571423
UT,11,0,1094,906,0.18047925714285712
UT,12,0,1096,904,0.18035981428571418
UT,13,0,1098,902,0.18035987142857138
UT,14,0,1099,901,0.10357434285714291
UT,15,0,1100,900,0.10304347142857147
UT,16,0,1101,899,0.10357858571428558
UT,17,0,1102,898,0.12225701428571434
UT,18,0,1103,897,0.1253096
UT,19,0,1104,896,0.12548955714285726
UT,20,0,1105,895,0.11166757142857144
UT,21,0,1106,894,0.09290391428571432
UT,22,0,1107,893,0.09316812857142849
UT,23,0,1108,892,0.0935454428571429
UT,24,0,1109,891,0.09360341428571438
UT,25,0,1110,890,0.10259608571428572
UT,26,0,1111,889,0.10914187142857137
UT,27,0,1112,888,0.10956247142857137
UT,28,0,1113,887,0.10959667142857142
UT,29,0,1114,886,0.11041835714285711
UT,30,0,1115,885,0.11035667142857143
UT,31,0,1116,884,0.11032272857142857
UT,32,0,1117,883,0.11648890000000016
UT,33,0,1118,882,0.12468430000000005
UT,34,0,1119,881,0.11004033214285719
UT,35,0,1120,880,0.07068348690476192
UT,36,0,1121,879,0.0631888857142858
UT,37,0,1122,878,0.06307886428571428
UT,38,0,1123,877,0.0654601500000001
UT,39,0,1124,876,0.06972845
UT,40,0,1125,875,0.0711099
UT,41,0,1126,874,0.0728229928571428
UT,42,0,1127,873,0.06832834999999989
UT,43,0,1128,872,0.060642107142857074
UT,44,0,1129,871,0.05480895000000004
TX,9,0,1034,966,0.037856700000000035
TX,10,0,1035,965,0.035426999999999965
TX,11,0,1036,964,0.03510779999999997
TX,12,0,1037,963,0.035523571428571404
TX,13,0,1038,962,0.03563078571428569
TX,14,0,1039,961,0.03560250000000004
TX,15,0,1040,960,0.03508984285714277
TX,16,0,1041,959,0.03678662857142861
TX,17,0,1042,958,0.04326235714285723
TX,18,0,1043,957,0.03318459999999988
TX,19,0,1044,956,0.03245779999999996
TX,20,0,1045,955,0.033603928571428625
TX,21,0,1046,954,0.033570742857142906
TX,22,0,1047,953,0.034138457142857064
TX,23,0,1047,953,0.024384842857142815
TX,24,0,1047,953,0.024137614285714336
TX,25,0,1047,953,0.027177157142857167
TX,26,0,1047,953,0.022512157142857134
TX,27,0,1047,953,0.018785857142857125
TX,28,0,1047,953,0.01321387142857141
TX,29,0,1047,953,0.0035790857142858103
TX,30,1,1047,953,0.0008121714285714887
TX,31,1,1047,953,0.008700614285714323
TX,32,1,1047,953,0.004143800000000084
TX,33,0,1047,953,0.0006917285714285981
TX,34,0,1048,952,0.03756844642857139
TX,35,0,1048,952,0.0049700785714286155
TX,36,1,1048,952,0.004955907142857185
TX,37,0,1048,952,0.002575585714285751
TX,38,0,1048,952,0.00436512142857147
TX,39,0,1048,952,0.006219599999999943
TX,40,0,1048,952,0.015013407142857033
TX,41,0,1048,952,0.0164396285714286
TX,42,0,1048,952,0.013431492857142829
TX,43,0,1048,952,0.005900735714285759
TX,44,0,1048,952,0.0028121000000000153
TN,9,0,1099,901,0.16495202499999997
TN,10,0,1101,899,0.16514290000000004
TN,11,0,1103,897,0.16492385714285718
TN,12,0,1105,895,0.16539092857142862
TN,13,0,1107,893,0.16546617142857145
TN,14,0,1109,891,0.16540878571428577
TN,15,0,1111,889,0.16466687142857148
TN,16,0,1113,887,0.16519758571428575
TN,17,0,1115,885,0.1651435142857144
TN,18,0,1117,883,0.16596568571428577
TN,19,0,1119,881,0.16741885714285723
TN,20,0,1121,879,0.16758332857142855
TN,21,0,1123,877,0.1531022142857143
TN,22,0,1124,876,0.1342587857142857
TN,23,0,1125,875,0.1348252
TN,24,0,1126,874,0.13483095714285717
TN,25,0,1127,873,0.13439024285714274
TN,26,0,1128,872,0.13365810000000003
TN,27,0,1129,871,0.13399225714285712
TN,28,0,1130,870,0.13402097142857144
TN,29,0,1131,869,0.13504852857142857
TN,30,0,1132,868,0.13527282857142858
TN,31,0,1133,867,0.13507985714285717
TN,32,0,1134,866,0.13432785714285722
TN,33,0,1135,865,0.13345115714285705
TN,34,0,1136,864,0.1344852892857142
TN,35,0,1137,863,0.07880648452380953
TN,36,0,1138,862,0.06738012857142855
TN,37,0,1139,861,0.06713757142857141
TN,38,0,1140,860,0.06722609285714291
TN,39,0,1141,859,0.06780050714285714
TN,40,0,1142,858,0.07070688571428561
TN,41,0,1143,857,0.07957942857142854
TN,42,0,1144,856,0.07841032142857145
TN,43,0,1145,855,0.07509994999999989
TN,44,0,1146,854,0.07276685000000001
SC,9,0,1054,946,0.10217910000000004
SC,10,0,1056,944,0.09455522857142867
SC,11,0,1058,942,0.09411117142857144
SC,12,0,1060,940,0.09452102857142855
SC,13,0,1062,938,0.09459051428571436
SC,14,0,1064,936,0.09453880000000005
SC,15,0,1066,934,0.09396725714285709
SC,16,0,1068,932,0.094577257142857
SC,17,0,1069,931,0.09451484285714272
SC,18,0,1070,930,0.09427825714285724
SC,19,0,1071,929,0.09427455714285721
SC,20,0,1072,928,0.09424667142857139
SC,21,0,1073,927,0.09418942857142866
SC,22,0,1074,926,0.0980126857142858
SC,23,0,1075,925,0.09908752857142858
SC,24,0,1076,924,0.09899474285714284
SC,25,0,1077,923,0.09854461428571433
SC,26,0,1078,922,0.09760849999999997
SC,27,0,1079,921,0.09790978571428574
SC,28,0,1080,920,0.09793838571428573
SC,29,0,1081,919,0.09344634285714293
SC,30,0,1082,918,0.07930851428571416
SC,31,0,1083,917,0.08952838571428579
SC,32,0,1084,916,0.06929895714285707
SC,33,0,1085,915,0.06220271428571429
SC,34,0,1086,914,0.07778443928571434
SC,35,0,1087,913,0.04141915238095237
SC,36,0,1087,913,0.03370550714285713
SC,37,0,1087,913,0.033675850000000125
SC,38,0,1088,912,0.037677221428571384
SC,39,0,1089,911,0.03952114999999992
SC,40,0,1089,911,0.036259085714285676
SC,41,0,1089,911,0.03632330000000003
SC,42,0,1090,910,0.04302435714285714
SC,43,0,1091,909,0.04309912857142855
SC,44,0,1092,908,0.041606549999999985
PA,9,1,1002,998,0.029341574999999977
PA,10,1,1001,999,0.0283034571428572
PA,11,1,1000,1000,0.031825699999999985
PA,12,1,999,1001,0.028506514285714317
PA,13,1,999,1001,0.016418928571428636
PA,14,1,999,1001,0.014542000000000072
PA,15,1,999,1001,0.01500401428571422
PA,16,1,999,1001,0.014304485714285846
PA,17,1,998,1002,0.04782924285714294
PA,18,1,997,1003,0.056629971428571436
PA,19,1,996,1004,0.05663762857142857
PA,20,1,995,1005,0.047218657142857196
PA,21,1,994,1006,0.04566724285714294
PA,22,1,993,1007,0.042889414285714335
PA,23,1,992,1008,0.02722202857142854
PA,24,1,991,1009,0.028106799999999977
PA,25,1,990,1010,0.03259434285714278
PA,26,1,989,1011,0.055235114285714246
PA,27,1,987,1013,0.07717401428571428
PA,28,1,985,1015,0.07312551428571418
PA,29,1,983,1017,0.07461052857142861
PA,30,1,981,1019,0.07265371428571427
PA,31,1,979,1021,0.06879264285714293
PA,32,1,978,1022,0.06804031428571428
PA,33,1,977,1023,0.06705057142857143
PA,34,1,977,1023,0.021944619047619084
PA,35,1,976,1024,0.03240840357142858
PA,36,1,975,1025,0.03202422142857145
PA,37,1,975,1025,0.0204139428571429
PA,38,1,975,1025,0.015878478571428475
PA,39,1,975,1025,0.013636271428571333
PA,40,1,975,1025,0.02096505714285712
PA,41,1,974,1026,0.028068421428571497
PA,42,1,973,1027,0.032755414285714296
PA,43,1,972,1028,0.030453964285714293
PA,44,1,971,1029,0.02944705000000006
OK,9,0,1143,857,0.28548395
OK,10,0,1145,855,0.2821718857142858
OK,11,0,1147,853,0.2618528142857144
OK,12,0,1149,851,0.26227212857142845
OK,13,0,1151,849,0.2623448
OK,14,0,1153,847,0.26231324285714286
OK,15,0,1155,845,0.26179114285714283
OK,16,0,1157,843,0.26227102857142853
OK,17,0,1159,841,0.2621469999999999
OK,18,0,1161,839,0.26193375714285716
OK,19,0,1163,837,0.26195227142857147
OK,20,0,1165,835,0.26212877142857144
OK,21,0,1167,833,0.2621689
OK,22,0,1169,831,0.2624709428571429
OK,23,0,1171,829,0.24548241428571424
OK,24,0,1172,828,0.23243088571428566
OK,25,0,1173,827,0.23209384285714285
OK,26,0,1174,826,0.2317467571428571
OK,27,0,1175,825,0.23213047142857135
OK,28,0,1176,824,0.2321746571428571
OK,29,0,1177,823,0.2329211857142856
OK,30,0,1178,822,0.2328122857142857
OK,31,0,1179,821,0.2327495428571428
OK,32,0,1180,820,0.23880961428571432
OK,33,0,1181,819,0.24264928571428576
OK,34,0,1182,818,0.22047742619047625
OK,35,0,1183,817,0.13898767142857152
OK,36,0,1184,816,0.12393929285714293
OK,37,0,1185,815,0.12786711428571437
OK,38,0,1186,814,0.1293308214285716
OK,39,0,1187,813,0.1271760428571428
OK,40,0,1188,812,0.12668040714285717
OK,41,0,1189,811,0.1298438571428573
OK,42,0,1190,810,0.11933038571428568
OK,43,0,1191,809,0.11336336428571428
OK,44,0,1192,808,0.11199684999999995
ND,9,0,1147,853,0.18997529999999999
ND,10,0,1148,852,0.18466392857142858
ND,11,0,1149,851,0.18058612857142847
ND,12,0,1150,850,0.1811001142857144
ND,13,0,1151,849,0.18117038571428565
ND,14,0,1152,848,0.18114287142857136
ND,15,0,1153,847,0.1806048857142858
ND,16,0,1154,846,0.18099852857142865
ND,17,0,1155,845,0.18079921428571424
ND,18,0,1156,844,0.18058034285714292
ND,19,0,1157,843,0.18059827142857146
ND,20,0,1158,842,0.1809239857142856
ND,21,0,1159,841,0.1810740285714286
ND,22,0,1160,840,0.18101241428571435
ND,23,0,1161,839,0.18109341428571427
ND,24,0,1162,838,0.1806156285714286
ND,25,0,1163,837,0.1792416142857143
ND,26,0,1164,836,0.1791222714285714
ND,27,0,1165,835,0.17956251428571426
ND,28,0,1166,834,0.17961287142857146
ND,29,0,1167,833,0.18018551428571428
ND,30,0,1168,832,0.1798792285714284
ND,31,0,1169,831,0.1798645285714285
ND,32,0,1170,830,0.17966977142857146
ND,33,0,1171,829,0.17845424285714295
ND,34,0,1172,828,0.1710255107142857
ND,35,0,1173,827,0.1035442702380952
ND,36,0,1174,826,0.09015022857142846
ND,37,0,1175,825,0.09024972857142863
ND,38,0,1176,824,0.0902092571428571
ND,39,0,1177,823,0.08993511428571424
ND,40,0,1178,822,0.10419274999999992
ND,41,0,1179,821,0.11849903571428577
ND,42,0,1180,820,0.11030693571428586
ND,43,0,1181,819,0.10252986428571433
ND,44,0,1182,818,0.09741135
NC,9,1,1012,988,0.027806025000000005
NC,10,1,1011,989,0.027508485714285626
NC,11,1,1010,990,0.027818199999999963
NC,12,1,1009,991,0.027408300000000024
NC,13,1,1008,992,0.027289385714285713
NC,14,1,1007,993,0.02732148571428574
NC,15,1,1007,993,0.009762499999999931
NC,16,1,1007,993,0.01154121428571429
NC,17,1,1006,994,0.019727828571428532
NC,18,1,1005,995,0.029242399999999905
NC,19,1,1004,996,0.03010919999999999
NC,20,1,1004,996,0.017515614285714277
NC,21,1,1004,996,0.012982985714285746
NC,22,1,1004,996,0.007910314285714292
NC,23,1,1004,996,0.011625785714285826
NC,24,1,1004,996,0.013899442857142858
NC,25,1,1004,996,0.010668500000000023
NC,26,1,1004,996,0.015642828571428638
NC,27,1,1003,997,0.02698054285714285
NC,28,1,1002,998,0.03029907142857148
NC,29,1,1001,999,0.028660999999999888
NC,30,1,1000,1000,0.025038971428571415
NC,31,1,999,1001,0.024589457142857186
NC,32,1,998,1002,0.02831135714285715
NC,33,1,998,1002,0.018922500000000113
NC,34,0,998,1002,0.018997709523809476
NC,35,1,998,1002,0.010543547619047616
NC,36,1,998,1002,0.01149510714285718
NC,37,1,998,1002,0.001460557142857013
NC,38,0,998,1002,0.0062706357142857175
NC,39,0,998,1002,0.0053602357142857925
NC,40,0,998,1002,0.002796935714285809
NC,41,1,998,1002,0.003012950000000032
NC,42,1,998,1002,0.011900907142857022
NC,43,1,998,1002,0.013987157142857214
NC,44,1,998,1002,0.012432850000000002
NY,9,1,914,1086,0.18500285000000005
NY,10,1,911,1089,0.18497467142857146
NY,11,1,909,1091,0.18525714285714287
NY,12,1,907,1093,0.18484088571428586
NY,13,1,904,1096,0.20215385714285716
NY,14,1,901,1099,0.21522052857142854
NY,15,1,898,1102,0.2157656857142858
NY,16,1,895,1105,0.2151531714285715
NY,17,1,892,1108,0.2558893714285715
NY,18,1,889,1111,0.28662709999999997
NY,19,1,886,1114,0.2581067571428571
NY,20,1,883,1117,0.25809528571428564
NY,21,1,880,1120,0.2516917000000001
NY,22,1,878,1122,0.24630418571428564
NY,23,1,876,1124,0.24566571428571435
NY,24,1,874,1126,0.24577415714285714
NY,25,1,872,1128,0.24621467142857148
NY,26,1,870,1130,0.24711244285714293
NY,27,1,868,1132,0.24504354285714286
NY,28,1,866,1134,0.24472232857142842
NY,29,1,864,1136,0.24348917142857146
NY,30,1,862,1138,0.2429578714285715
NY,31,1,860,1140,0.2430054142857143
NY,32,1,858,1142,0.24380808571428567
NY,33,1,856,1144,0.24442819999999998
NY,34,1,855,1145,0.16885109404761905
NY,35,1,854,1146,0.14984773809523808
NY,36,1,853,1147,0.14822012857142874
NY,37,1,852,1148,0.14849762857142865
NY,38,1,851,1149,0.14860205714285712
NY,39,1,850,1150,0.14928030000000006
NY,40,1,849,1151,0.15155705714285703
NY,41,1,848,1152,0.15512163571428558
NY,42,1,847,1153,0.15568443571428575
NY,43,1,846,1154,0.15742249285714272
NY,44,1,845,1155,0.15849559999999996
NM,9,1,966,1034,0.08472014999999992
NM,10,1,964,1036,0.08459195714285699
NM,11,1,962,1038,0.08483307142857142
NM,12,1,960,1040,0.08423688571428556
NM,13,1,958,1042,0.08409968571428571
NM,14,1,956,1044,0.08410312857142863
NM,15,1,954,1046,0.08461545714285712
NM,16,1,952,1048,0.08398501428571428
NM,17,1,950,1050,0.09683732857142871
NM,18,1,948,1052,0.09911078571428568
NM,19,1,946,1054,0.09904439999999994
NM,20,1,944,1056,0.09890527142857138
NM,21,1,942,1058,0.09892082857142853
NM,22,1,940,1060,0.09840137142857146
NM,23,1,938,1062,0.09794669999999997
NM,24,1,936,1064,0.10142541428571433
NM,25,1,934,1066,0.11005018571428572
NM,26,1,932,1068,0.11080678571428564
NM,27,1,930,1070,0.11050934285714277
NM,28,1,928,1072,0.11051835714285702
NM,29,1,926,1074,0.10960419999999998
NM,30,1,924,1076,0.1052289571428571
NM,31,1,922,1078,0.10390437142857145
NM,32,1,920,1080,0.10488707142857137
NM,33,1,918,1082,0.10578149999999993
NM,34,1,917,1083,0.04912710595238089
NM,35,1,916,1084,0.04853566547619046
NM,36,1,915,1085,0.05152716428571424
NM,37,1,914,1086,0.05626082857142855
NM,38,1,913,1087,0.05631336428571423
NM,39,1,912,1088,0.05660186428571429
NM,40,1,911,1089,0.05654537857142856
NM,41,1,910,1090,0.05760588571428585
NM,42,1,909,1091,0.0566707928571428
NM,43,1,908,1092,0.05418662142857144
NM,44,1,907,1093,0.053948350000000006
NJ,9,1,946,1054,0.17513137499999998
NJ,10,1,943,1057,0.17510352857142855
NJ,11,1,940,1060,0.1753858000000001
NJ,12,1,937,1063,0.17497162857142862
NJ,13,1,934,1066,0.17489631428571414
NJ,14,1,931,1069,0.17492125714285728
NJ,15,1,928,1072,0.17547148571428564
NJ,16,1,925,1075,0.1733244142857142
NJ,17,1,923,1077,0.1642009999999999
NJ,18,1,921,1079,0.1713154714285715
NJ,19,1,918,1082,0.18902118571428567
NJ,20,1,915,1085,0.18900651428571413
NJ,21,1,912,1088,0.18891865714285713
NJ,22,1,909,1091,0.18822061428571438
NJ,23,1,907,1093,0.18751042857142872
NJ,24,1,905,1095,0.1876285428571429
NJ,25,1,903,1097,0.1880976571428571
NJ,26,1,901,1099,0.18903350000000002
NJ,27,1,899,1101,0.18868437142857133
NJ,28,1,897,1103,0.1886400285714285
NJ,29,1,895,1105,0.1873343285714285
NJ,30,1,893,1107,0.18676867142857134
NJ,31,1,891,1109,0.18378375714285725
NJ,32,1,889,1111,0.18399927142857153
NJ,33,1,887,1113,0.1847721285714286
NJ,34,1,886,1114,0.1257363440476191
NJ,35,1,885,1115,0.09608833690476203
NJ,36,1,884,1116,0.09252767857142871
NJ,37,1,883,1117,0.08881128571428562
NJ,38,1,882,1118,0.08822574999999994
NJ,39,1,881,1119,0.08862703571428561
NJ,40,1,880,1120,0.08872746428571432
NJ,41,1,879,1121,0.08585195000000014
NJ,42,1,878,1122,0.08856132142857134
NJ,43,1,877,1123,0.09605157142857138
NJ,44,1,876,1124,0.09647400000000005
NH,9,1,998,1002,0.024338875000000114
NH,10,1,997,1003,0.024177942857142868
NH,11,1,996,1004,0.02449841428571439
NH,12,1,995,1005,0.024103042857142896
NH,13,1,994,1006,0.02402741428571417
NH,14,1,993,1007,0.024060400000000044
NH,15,1,992,1008,0.02461568571428579
NH,16,1,991,1009,0.024066042857142877
NH,17,1,990,1010,0.024177085714285625
NH,18,1,989,1011,0.04131504285714293
NH,19,1,988,1012,0.041277742857142814
NH,20,1,987,1013,0.041171657142857254
NH,21,1,986,1014,0.041196814285714256
NH,22,1,985,1015,0.04062685714285721
NH,23,1,984,1016,0.04012888571428561
NH,24,1,983,1017,0.04026420000000009
NH,25,1,982,1018,0.041728300000000045
NH,26,1,981,1019,0.043322242857142826
NH,27,1,980,1020,0.04301821428571437
NH,28,1,979,1021,0.04298711428571423
NH,29,1,978,1022,0.041875414285714216
NH,30,1,977,1023,0.04436417142857131
NH,31,1,976,1024,0.06367492857142856
NH,32,1,974,1026,0.07793227142857141
NH,33,1,972,1028,0.07890678571428573
NH,34,1,971,1029,0.03217828214285717
NH,35,1,970,1030,0.0347739845238096
NH,36,1,969,1031,0.037580178571428535
NH,37,1,968,1032,0.03521295000000002
NH,38,1,967,1033,0.028714585714285833
NH,39,1,966,1034,0.02818012857142854
NH,40,1,965,1035,0.04176868571428578
NH,41,1,964,1036,0.04674079285714285
NH,42,1,963,1037,0.05343253571428569
NH,43,1,962,1038,0.05556029285714295
NH,44,1,961,1039,0.05558830000000001
NV,9,1,990,1010,0.057239675000000004
NV,10,1,989,1011,0.05702257142857142
NV,11,1,988,1012,0.057358042857142875
NV,12,1,987,1013,0.05689102857142864
NV,13,1,986,1014,0.05676279999999991
NV,14,1,985,1015,0.05677890000000005
NV,15,1,984,1016,0.05754018571428574
NV,16,1,983,1017,0.0569538714285715
NV,17,1,982,1018,0.05697967142857145
NV,18,1,981,1019,0.048869457142857155
NV,19,1,980,1020,0.04258538571428574
NV,20,1,979,1021,0.042495800000000014
NV,21,1,978,1022,0.042476142857142844
NV,22,1,977,1023,0.04191814285714294
NV,23,1,976,1024,0.041374742857142904
NV,24,1,975,1025,0.044321100000000016
NV,25,1,974,1026,0.0518271142857143
NV,26,1,973,1027,0.052497328571428456
NV,27,1,972,1028,0.05214898571428577
NV,28,1,971,1029,0.05212295714285716
NV,29,1,970,1030,0.051116700000000036
NV,30,1,969,1031,0.043778528571428624
NV,31,1,968,1032,0.0409478714285715
NV,32,1,967,1033,0.04187268571428568
NV,33,1,966,1034,0.04275249999999993
NV,34,1,966,1034,0.01279849166666665
NV,35,1,966,1034,0.017223964285714287
NV,36,1,965,1035,0.025355657142857098
NV,37,1,965,1035,0.024833814285714267
NV,38,1,965,1035,0.02058661428571426
NV,39,1,965,1035,0.02480018571428566
NV,40,1,964,1036,0.027554714285714182
NV,41,1,964,1036,0.02498094285714295
NV,42,1,963,1037,0.025224564285714308
NV,43,1,962,1038,0.029575400000000016
NV,44,1,961,1039,0.031318550000000014
MT,9,0,1082,918,0.222974625
MT,10,0,1085,915,0.22300504285714282
MT,11,0,1088,912,0.22272749999999994
MT,12,0,1091,909,0.22315087142857146
MT,13,0,1094,906,0.22322398571428573
MT,14,0,1097,903,0.22319065714285713
MT,15,0,1100,900,0.22266718571428576
MT,16,0,1103,897,0.2230547285714286
MT,17,0,1106,894,0.22285772857142852
MT,18,0,1108,892,0.13625061428571428
MT,19,0,1110,890,0.1362083285714285
MT,20,0,1112,888,0.13652940000000002
MT,21,0,1113,887,0.13667682857142865
MT,22,0,1114,886,0.13662034285714292
MT,23,0,1115,885,0.13668301428571425
MT,24,0,1116,884,0.13662839999999987
MT,25,0,1117,883,0.1363116857142856
MT,26,0,1118,882,0.13619660000000003
MT,27,0,1119,881,0.13270275714285718
MT,28,0,1120,880,0.13117807142857146
MT,29,0,1121,879,0.1032611142857143
MT,30,0,1122,878,0.09469011428571435
MT,31,0,1123,877,0.0841310285714286
MT,32,0,1124,876,0.08579597142857147
MT,33,0,1125,875,0.08462424285714291
MT,34,0,1126,874,0.10066322261904752
MT,35,0,1127,873,0.053587035714285775
MT,36,0,1127,873,0.04003297142857143
MT,37,0,1127,873,0.04140084999999992
MT,38,0,1127,873,0.04291779285714277
MT,39,0,1127,873,0.04334614285714288
MT,40,0,1127,873,0.04416894285714285
MT,41,0,1127,873,0.051460300000000035
MT,42,0,1127,873,0.04811390000000003
MT,43,0,1127,873,0.0415975642857142
MT,44,0,1127,873,0.03338569999999997
MO,9,0,1070,930,0.08149782500000008
MO,10,0,1071,929,0.0815304857142857
MO,11,0,1072,928,0.08124207142857137
MO,12,0,1073,927,0.08167540000000016
MO,13,0,1074,926,0.08175150000000002
MO,14,0,1075,925,0.08172127142857136
MO,15,0,1076,924,0.08117174285714285
MO,16,0,1077,923,0.08157664285714283
MO,17,0,1078,922,0.08137482857142857
MO,18,0,1079,921,0.08115228571428573
MO,19,0,1080,920,0.08117317142857146
MO,20,0,1081,919,0.08150508571428552
MO,21,0,1082,918,0.08165491428571435
MO,22,0,1083,917,0.07229224285714295
MO,23,0,1084,916,0.06863532857142865
MO,24,0,1085,915,0.06907350000000001
MO,25,0,1086,914,0.06911868571428577
MO,26,0,1087,913,0.06899231428571426
MO,27,0,1088,912,0.04735568571428565
MO,28,0,1089,911,0.04372597142857146
MO,29,0,1090,910,0.05129571428571424
MO,30,0,1091,909,0.056068614285714205
MO,31,0,1092,908,0.05800491428571426
MO,32,0,1093,907,0.05751788571428563
MO,33,0,1094,906,0.05610477142857136
MO,34,0,1095,905,0.07214279166666657
MO,35,0,1095,905,0.03636024285714292
MO,36,0,1095,905,0.029983771428571445
MO,37,0,1095,905,0.03228717857142861
MO,38,0,1095,905,0.03330257857142854
MO,39,0,1095,905,0.03414747142857145
MO,40,0,1095,905,0.03433645000000005
MO,41,0,1095,905,0.03652225000000008
MO,42,0,1095,905,0.03637072142857136
MO,43,0,1095,905,0.03421055000000003
MO,44,0,1095,905,0.03391075000000001
MS,9,0,1067,933,0.15484746666666674
MS,10,0,1069,931,0.15502807142857158
MS,11,0,1071,929,0.1548079428571429
MS,12,0,1073,927,0.15527507142857153
MS,13,0,1075,925,0.1553507142857143
MS,14,0,1077,923,0.15529464285714298
MS,15,0,1079,921,0.14313652857142856
MS,16,0,1081,919,0.13501645714285723
MS,17,0,1083,917,0.13489851428571428
MS,18,0,1085,915,0.13467935714285717
MS,19,0,1087,913,0.13471048571428582
MS,20,0,1089,911,0.1348712428571429
MS,21,0,1091,909,0.13486697142857146
MS,22,0,1093,907,0.13519512857142857
MS,23,0,1095,905,0.13557002857142864
MS,24,0,1097,903,0.13124020000000003
MS,25,0,1098,902,0.12022264285714286
MS,26,0,1099,901,0.11977405714285695
MS,27,0,1100,900,0.12017132857142855
MS,28,0,1101,899,0.12021374285714287
MS,29,0,1102,898,0.12100462857142859
MS,30,0,1103,897,0.12090909999999994
MS,31,0,1104,896,0.12083744285714275
MS,32,0,1105,895,0.12022492857142851
MS,33,0,1106,894,0.12644397142857144
MS,34,0,1108,892,0.13568696785714288
MS,35,0,1109,891,0.07957644880952394
MS,36,0,1110,890,0.06850395000000006
MS,37,0,1111,889,0.06845155714285724
MS,38,0,1112,888,0.06840185714285717
MS,39,0,1113,887,0.06764396428571416
MS,40,0,1114,886,0.06891399285714286
MS,41,0,1115,885,0.0735929499999999
MS,42,0,1116,884,0.07880234999999985
MS,43,0,1117,883,0.08487162142857145
MS,44,0,1118,882,0.08834260000000001
MI,9,1,1000,1000,0.030225124999999978
MI,10,1,999,1001,0.02958437142857143
MI,11,1,998,1002,0.02904595714285712
MI,12,1,997,1003,0.036541142857142786
MI,13,1,996,1004,0.038112614285714275
MI,14,1,995,1005,0.033834657142857126
MI,15,1,994,1006,0.037050400000000254
MI,16,1,993,1007,0.03951977142857153
MI,17,1,992,1008,0.05403602857142857
MI,18,1,990,1010,0.06406264285714293
MI,19,1,988,1012,0.0755289428571428
MI,20,1,986,1014,0.07388662857142854
MI,21,1,985,1015,0.06477897142857153
MI,22,1,984,1016,0.06325424285714285
MI,23,1,983,1017,0.06539648571428572
MI,24,1,981,1019,0.0809001285714286
MI,25,1,979,1021,0.09103414285714287
MI,26,1,977,1023,0.09203235714285704
MI,27,1,975,1025,0.09387708571428569
MI,28,1,973,1027,0.09232660000000009
MI,29,1,971,1029,0.08946249999999999
MI,30,1,969,1031,0.0806466571428571
MI,31,1,967,1033,0.08171737142857133
MI,32,1,965,1035,0.08059540000000005
MI,33,1,963,1037,0.0795956142857142
MI,34,1,962,1038,0.035825060714285685
MI,35,1,961,1039,0.04072038095238113
MI,36,1,960,1040,0.03987734285714282
MI,37,1,959,1041,0.031696199999999945
MI,38,1,958,1042,0.027702885714285586
MI,39,1,958,1042,0.02381951428571426
MI,40,1,958,1042,0.02442142857142862
MI,41,1,957,1043,0.03115808571428559
MI,42,1,956,1044,0.036903464285714234
MI,43,1,955,1045,0.038911971428571446
MI,44,1,954,1046,0.04311080000000004
MD,9,1,897,1103,0.250022625
MD,10,1,894,1106,0.2499949285714286
MD,11,1,891,1109,0.25027252857142845
MD,12,1,888,1112,0.24986332857142848
MD,13,1,885,1115,0.24978932857142844
MD,14,1,882,1118,0.2498149285714284
MD,15,1,879,1121,0.25035381428571424
MD,16,1,877,1123,0.24995471428571434
MD,17,1,875,1125,0.2501467142857143
MD,18,1,873,1127,0.25036169999999996
MD,19,1,871,1129,0.25033994285714295
MD,20,1,869,1131,0.2500132428571428
MD,21,1,867,1133,0.24825887142857148
MD,22,1,865,1135,0.24428975714285714
MD,23,1,863,1137,0.2442264571428572
MD,24,1,861,1139,0.2442851571428571
MD,25,1,859,1141,0.24460595714285724
MD,26,1,857,1143,0.24474150000000008
MD,27,1,855,1145,0.2442845857142857
MD,28,1,853,1147,0.24423385714285714
MD,29,1,851,1149,0.24365968571428576
MD,30,1,849,1151,0.2440541714285714
MD,31,1,847,1153,0.24410600000000002
MD,32,1,845,1155,0.24456914285714276
MD,33,1,843,1157,0.2458856
MD,34,1,842,1158,0.16315357976190475
MD,35,1,841,1159,0.1260113654761905
MD,36,1,840,1160,0.12209255714285717
MD,37,1,839,1161,0.12200586428571426
MD,38,1,838,1162,0.12205177142857139
MD,39,1,837,1163,0.12598522857142855
MD,40,1,836,1164,0.13555945714285714
MD,41,1,835,1165,0.14978072857142855
MD,42,1,834,1166,0.1539424499999999
MD,43,1,833,1167,0.1546437642857142
MD,44,1,832,1168,0.15365470000000003
KS,9,0,1080,920,0.08185217499999993
KS,10,0,1081,919,0.08188214285714274
KS,11,0,1082,918,0.1031944
KS,12,0,1084,916,0.11226308571428562
KS,13,0,1086,914,0.11254377142857137
KS,14,0,1088,912,0.11273454285714295
KS,15,0,1089,911,0.11216095714285715
KS,16,0,1090,910,0.11269647142857146
KS,17,0,1091,909,0.11297711428571439
KS,18,0,1092,908,0.1129531
KS,19,0,1093,907,0.11304268571428565
KS,20,0,1094,906,0.11318289999999998
KS,21,0,1095,905,0.11321708571428558
KS,22,0,1096,904,0.11372722857142854
KS,23,0,1097,903,0.11913905714285711
KS,24,0,1098,902,0.1190173
KS,25,0,1099,901,0.11858625714285707
KS,26,0,1100,900,0.1178609857142856
KS,27,0,1101,899,0.11821422857142856
KS,28,0,1102,898,0.11825810000000005
KS,29,0,1103,897,0.11930281428571433
KS,30,0,1104,896,0.1242883571428571
KS,31,0,1105,895,0.12610615714285722
KS,32,0,1106,894,0.12319268571428572
KS,33,0,1107,893,0.10458367142857149
KS,34,0,1108,892,0.1033283214285715
KS,35,0,1109,891,0.059988630952381
KS,36,0,1110,890,0.05116493571428578
KS,37,0,1111,889,0.05112234285714287
KS,38,0,1112,888,0.051077821428571396
KS,39,0,1113,887,0.051839478571428545
KS,40,0,1114,886,0.0467832
KS,41,0,1114,886,0.04280810714285728
KS,42,0,1114,886,0.04285657142857147
KS,43,0,1114,886,0.04659302857142869
KS,44,0,1115,885,0.04856004999999996
IA,9,0,1036,964,0.03140864999999998
IA,10,0,1037,963,0.04456605714285722
IA,11,0,1038,962,0.05410808571428568
IA,12,0,1039,961,0.05454437142857131
IA,13,0,1040,960,0.054624157142857184
IA,14,0,1041,959,0.054642185714285675
IA,15,0,1042,958,0.054100757142857316
IA,16,0,1043,957,0.054629514285714366
IA,17,0,1044,956,0.05454158571428572
IA,18,0,1045,955,0.049290185714285714
IA,19,0,1046,954,0.042567942857142785
IA,20,0,1047,953,0.042711299999999994
IA,21,0,1048,952,0.0427132285714287
IA,22,0,1049,951,0.04314307142857146
IA,23,0,1050,950,0.041054128571428594
IA,24,0,1051,949,0.033226600000000064
IA,25,0,1052,948,0.02822094285714286
IA,26,0,1052,948,0.027668314285714216
IA,27,0,1052,948,0.028061942857142908
IA,28,0,1052,948,0.025296642857142827
IA,29,0,1052,948,0.022396357142857114
IA,30,0,1052,948,0.01525732857142863
IA,31,0,1052,948,0.014385114285714238
IA,32,0,1052,948,0.013079642857142844
IA,33,0,1052,948,0.011199885714285785
IA,34,0,1053,947,0.0332048392857142
IA,35,0,1053,947,0.012346117857142786
IA,36,0,1053,947,0.007261642857142973
IA,37,0,1053,947,0.009551971428571449
IA,38,0,1053,947,0.011275057142857037
IA,39,0,1053,947,0.008129521428571351
IA,40,0,1053,947,0.008906457142857179
IA,41,0,1053,947,0.005081585714285808
IA,42,0,1053,947,0.003205878571428684
IA,43,1,1053,947,0.002380714285714376
IA,44,1,1053,947,0.006304149999999922
GA,9,0,1019,981,0.006692425000000029
GA,10,0,1020,980,0.02691974285714295
GA,11,0,1021,979,0.026625742857142996
GA,12,0,1022,978,0.02707894285714275
GA,13,0,1023,977,0.02714189999999995
GA,14,0,1023,977,0.021349442857142905
GA,15,0,1023,977,0.018523142857142787
GA,16,0,1023,977,0.018955842857142784
GA,17,0,1023,977,0.018763742857142704
GA,18,0,1023,977,0.014244357142857211
GA,19,0,1023,977,0.00909882857142847
GA,20,0,1023,977,0.01092177142857132
GA,21,0,1023,977,0.011882685714285657
GA,22,0,1023,977,0.009463714285714318
GA,23,0,1023,977,0.008628771428571512
GA,24,0,1023,977,0.007266185714285669
GA,25,0,1023,977,0.0037098571428570894
GA,26,0,1023,977,0.0007872571428571717
GA,27,1,1023,977,0.0056403428571428545
GA,28,1,1023,977,0.005039714285714183
GA,29,1,1023,977,0.0005683000000000504
GA,30,0,1023,977,0.011745285714285672
GA,31,0,1023,977,0.010008014285714281
GA,32,0,1023,977,0.0005967142857142704
GA,33,0,1023,977,0.0033663428571429677
GA,34,0,1024,976,0.03125712976190471
GA,35,0,1024,976,0.010110341666666613
GA,36,0,1024,976,0.003930907142857265
GA,37,0,1024,976,0.007942157142857198
GA,38,0,1024,976,0.010952821428571369
GA,39,0,1024,976,0.013961942857142801
GA,40,0,1024,976,0.005580435714285698
GA,41,0,1024,976,0.0032499071428571825
GA,42,1,1024,976,0.001787021428571336
GA,43,1,1024,976,0.0027045214285715247
GA,44,1,1024,976,0.002782400000000038
FL,9,1,1003,997,0.02061342499999995
FL,10,1,1003,997,0.017242185714285655
FL,11,1,1003,997,0.00372249999999994
FL,12,0,1003,997,0.0036542142857142325
FL,13,0,1003,997,0.0037270142857142472
FL,14,1,1003,997,0.003727557142857165
FL,15,1,1002,998,0.02283751428571428
FL,16,1,1001,999,0.020306071428571427
FL,17,1,1000,1000,0.02142222857142869
FL,18,1,999,1001,0.021759814285714257
FL,19,1,998,1002,0.02176112857142847
FL,20,1,997,1003,0.02710555714285725
FL,21,1,996,1004,0.028454714285714288
FL,22,1,995,1005,0.025480857142857118
FL,23,1,994,1006,0.025983499999999892
FL,24,1,993,1007,0.033331600000000065
FL,25,1,992,1008,0.05574768571428578
FL,26,1,991,1009,0.060338257142857114
FL,27,1,990,1010,0.061322299999999996
FL,28,1,989,1011,0.05763031428571423
FL,29,1,988,1012,0.06398852857142842
FL,30,1,986,1014,0.07178334285714286
FL,31,1,985,1015,0.06459337142857144
FL,32,1,984,1016,0.060228485714285754
FL,33,1,983,1017,0.05729908571428581
FL,34,1,983,1017,0.01751582499999991
FL,35,1,982,1018,0.03392750714285725
FL,36,1,981,1019,0.030716435714285666
FL,37,1,981,1019,0.008809314285714435
FL,38,1,981,1019,0.0018071000000001191
FL,39,0,981,1019,0.0009107857142856801
FL,40,1,981,1019,0.001608778571428502
FL,41,1,981,1019,0.012539450000000158
FL,42,1,981,1019,0.019539828571428542
FL,43,1,981,1019,0.01688320714285702
FL,44,1,981,1019,0.012365300000000018
DE,9,1,955,1045,0.15702375000000005
DE,10,1,952,1048,0.15699481428571424
DE,11,1,949,1051,0.1572794428571428
DE,12,1,946,1054,0.1568571285714286
DE,13,1,943,1057,0.15678140000000007
DE,14,1,940,1060,0.15680914285714295
DE,15,1,937,1063,0.15735867142857152
DE,16,1,934,1066,0.15695172857142864
DE,17,1,931,1069,0.15714958571428567
DE,18,1,929,1071,0.15737001428571426
DE,19,1,927,1073,0.15734847142857133
DE,20,1,925,1075,0.15701591428571418
DE,21,1,923,1077,0.15689538571428577
DE,22,1,921,1079,0.15702117142857142
DE,23,1,919,1081,0.1569580714285714
DE,24,1,917,1083,0.1570200571428572
DE,25,1,915,1085,0.15735341428571423
DE,26,1,913,1087,0.15748644285714286
DE,27,1,911,1089,0.157022457142857
DE,28,1,909,1091,0.15697048571428573
DE,29,1,907,1093,0.15638494285714302
DE,30,1,905,1095,0.15679321428571427
DE,31,1,903,1097,0.1568590285714285
DE,32,1,901,1099,0.15733999999999995
DE,33,1,899,1101,0.15868364285714293
DE,34,1,898,1102,0.09121601428571424
DE,35,1,897,1103,0.11929917619047614
DE,36,1,896,1104,0.12499925714285716
DE,37,1,895,1105,0.1250376142857143
DE,38,1,894,1106,0.12512805714285705
DE,39,1,893,1107,0.125764992857143
DE,40,1,892,1108,0.13087404285714285
DE,41,1,891,1109,0.1302545071428572
DE,42,1,889,1111,0.1358665
DE,43,1,888,1112,0.1324026357142857
DE,44,1,887,1113,0.1275081999999999
CT,9,1,947,1053,0.19336107499999997
CT,10,1,944,1056,0.19333417142857143
CT,11,1,941,1059,0.18404218571428566
CT,12,1,938,1062,0.17649842857142858
CT,13,1,935,1065,0.17578087142857143
CT,14,1,932,1068,0.16833220000000004
CT,15,1,930,1070,0.15881327142857146
CT,16,1,928,1072,0.1581384857142857
CT,17,1,926,1074,0.15790075714285712
CT,18,1,924,1076,0.15793964285714274
CT,19,1,921,1079,0.1966410142857143
CT,20,1,918,1082,0.1966292142857143
CT,21,1,915,1085,0.1965282714285715
CT,22,1,912,1088,0.1957650285714285
CT,23,1,909,1091,0.1952431571428572
CT,24,1,906,1094,0.19537294285714288
CT,25,1,904,1096,0.19586212857142862
CT,26,1,902,1098,0.19677088571428578
CT,27,1,900,1100,0.19641778571428567
CT,28,1,898,1102,0.19638905714285707
CT,29,1,896,1104,0.1951450285714285
CT,30,1,894,1106,0.1946894714285714
CT,31,1,892,1108,0.1947204
CT,32,1,890,1110,0.19549031428571426
CT,33,1,888,1112,0.1960851571428571
CT,34,1,887,1113,0.13744778214285716
CT,35,1,886,1114,0.10175807142857131
CT,36,1,885,1115,0.09719348571428568
CT,37,1,884,1116,0.09753194285714287
CT,38,1,883,1117,0.09765824285714281
CT,39,1,882,1118,0.09786204285714284
CT,40,1,881,1119,0.10095917142857154
CT,41,1,880,1120,0.1070862285714285
CT,42,1,879,1121,0.11282880000000006
CT,43,1,878,1122,0.1153437785714285
CT,44,1,877,1123,0.12025314999999992
CO,9,1,980,1020,0.024839825000000034
CO,10,1,979,1021,0.02473407142857141
CO,11,1,978,1022,0.025150971428571436
CO,12,1,977,1023,0.02476324285714284
CO,13,1,976,1024,0.024686499999999896
CO,14,1,975,1025,0.024703157142857108
CO,15,1,974,1026,0.025215499999999905
CO,16,1,973,1027,0.03612398571428578
CO,17,1,971,1029,0.10543972857142854
CO,18,1,969,1031,0.11222157142857135
CO,19,1,966,1034,0.1520966571428572
CO,20,1,963,1037,0.13908995714285716
CO,21,1,960,1040,0.13905861428571428
CO,22,1,957,1043,0.13872371428571434
CO,23,1,954,1046,0.13836030000000007
CO,24,1,951,1049,0.13843921428571435
CO,25,1,948,1052,0.13881867142857154
CO,26,1,946,1054,0.1392738
CO,27,1,943,1057,0.1457426857142857
CO,28,1,940,1060,0.14847001428571424
CO,29,1,938,1062,0.14766121428571438
CO,30,1,936,1064,0.13328867142857134
CO,31,1,934,1066,0.12283572857142858
CO,32,1,932,1068,0.12289198571428571
CO,33,1,930,1070,0.12401238571428565
CO,34,1,929,1071,0.07053356785714278
CO,35,1,928,1072,0.05914232738095237
CO,36,1,927,1073,0.059597114285714244
CO,37,1,926,1074,0.050452835714285695
CO,38,1,925,1075,0.04150267142857139
CO,39,1,924,1076,0.04119169285714278
CO,40,1,923,1077,0.043234335714285595
CO,41,1,922,1078,0.04672282857142861
CO,42,1,921,1079,0.0587963785714286
CO,43,1,920,1080,0.0644922857142857
CO,44,1,919,1081,0.06869925000000002
CA,9,1,881,1119,0.24643612500000003
CA,10,1,878,1122,0.2644009571428573
CA,11,1,875,1125,0.26478378571428574
CA,12,1,872,1128,0.26443444285714285
CA,13,1,870,1130,0.2680025714285715
CA,14,1,867,1133,0.2895120428571429
CA,15,1,864,1136,0.28998214285714285
CA,16,1,861,1139,0.2895059142857142
CA,17,1,859,1141,0.28978735714285714
CA,18,1,857,1143,0.2901067714285713
CA,19,1,855,1145,0.28759384285714296
CA,20,1,853,1147,0.2810058000000001
CA,21,1,851,1149,0.2803410571428572
CA,22,1,849,1151,0.2728803428571429
CA,23,1,847,1153,0.27138594285714285
CA,24,1,845,1155,0.2715045142857143
CA,25,1,843,1157,0.2719428857142857
CA,26,1,841,1159,0.27256662857142866
CA,27,1,839,1161,0.2722637857142856
CA,28,1,837,1163,0.27228014285714297
CA,29,1,835,1165,0.2714262857142857
CA,30,1,833,1167,0.2713738714285714
CA,31,1,831,1169,0.2715131571428572
CA,32,1,829,1171,0.2864941285714286
CA,33,1,827,1173,0.29762032857142856
CA,34,1,826,1174,0.2163408726190475
CA,35,1,825,1175,0.15981547261904758
CA,36,1,824,1176,0.15231465
CA,37,1,823,1177,0.14039186428571435
CA,38,1,822,1178,0.14622723571428564
CA,39,1,821,1179,0.1499701857142857
CA,40,1,820,1180,0.14995791428571428
CA,41,1,819,1181,0.14704108571428576
CA,42,1,818,1182,0.1475361357142858
CA,43,1,817,1183,0.1456188500000001
CA,44,1,816,1184,0.14439945
AZ,9,0,1014,986,0.03328132499999995
AZ,10,0,1014,986,0.011728871428571352
AZ,11,1,1014,986,0.010022214285714242
AZ,12,1,1013,987,0.01859642857142866
AZ,13,1,1013,987,0.018534400000000062
AZ,14,1,1013,987,0.01851934285714279
AZ,15,1,1012,988,0.026447071428571434
AZ,16,1,1011,989,0.02884215714285709
AZ,17,1,1010,990,0.0289311
AZ,18,1,1009,991,0.02915558571428569
AZ,19,1,1008,992,0.029113128571428674
AZ,20,1,1007,993,0.02647441428571426
AZ,21,1,1006,994,0.024744557142857174
AZ,22,1,1005,995,0.022747357142857184
AZ,23,1,1004,996,0.027664785714285715
AZ,24,1,1003,997,0.028669528571428488
AZ,25,1,1002,998,0.02850047142857143
AZ,26,1,1001,999,0.03345361428571429
AZ,27,1,1000,1000,0.02894217142857144
AZ,28,1,999,1001,0.024756228571428594
AZ,29,1,998,1002,0.022258714285714232
AZ,30,1,997,1003,0.029575414285714387
AZ,31,1,996,1004,0.0399503285714286
AZ,32,1,995,1005,0.04088088571428571
AZ,33,1,994,1006,0.038530542857142934
AZ,34,1,994,1006,0.004410054761904761
AZ,35,1,993,1007,0.02150733214285715
AZ,36,1,992,1008,0.026625757142857226
AZ,37,1,992,1008,0.018378278571428625
AZ,38,1,992,1008,0.01157447142857137
AZ,39,1,992,1008,0.008241464285714244
AZ,40,1,992,1008,0.008825771428571372
AZ,41,1,992,1008,0.012964478571428444
AZ,42,1,992,1008,0.015298457142857203
AZ,43,1,992,1008,0.01638458571428558
AZ,44,1,992,1008,0.015569599999999966
AL,9,0,1105,895,0.207060275
AL,10,0,1107,893,0.20713297142857143
AL,11,0,1109,891,0.20686864285714285
AL,12,0,1111,889,0.20730178571428573
AL,13,0,1113,887,0.20737625714285707
AL,14,0,1115,885,0.20733945714285718
AL,15,0,1117,883,0.20674147142857144
AL,16,0,1119,881,0.20723954285714286
AL,17,0,1121,879,0.2071341142857144
AL,18,0,1123,877,0.20690971428571422
AL,19,0,1125,875,0.20693129999999996
AL,20,0,1127,873,0.2070697714285715
AL,21,0,1129,871,0.2070451428571429
AL,22,0,1131,869,0.20741714285714294
AL,23,0,1133,867,0.20782721428571427
AL,24,0,1135,865,0.20774002857142862
AL,25,0,1137,863,0.2073096571428571
AL,26,0,1139,861,0.17644377142857146
AL,27,0,1140,860,0.17683855714285707
AL,28,0,1141,859,0.17461284285714285
AL,29,0,1142,858,0.17249202857142862
AL,30,0,1143,857,0.1759652
AL,31,0,1144,856,0.17725248571428578
AL,32,0,1146,854,0.18823732857142858
AL,33,0,1147,853,0.18922988571428562
AL,34,0,1148,852,0.183490669047619
AL,35,0,1149,851,0.11015032142857152
AL,36,0,1150,850,0.09580090714285702
AL,37,0,1151,849,0.09576236428571441
AL,38,0,1152,848,0.09578020000000009
AL,39,0,1153,847,0.07220311428571428
AL,40,0,1154,846,0.07638872857142837
AL,41,0,1155,845,0.09339026428571437
AL,42,0,1156,844,0.09181612857142846
AL,43,0,1157,843,0.08852985000000003
AL,44,0,1158,842,0.08842434999999994
WA,10,1,934,1066,0.22336636666666665
WA,11,1,930,1070,0.22363487142857147
WA,12,1,927,1073,0.22311102857142856
WA,13,1,924,1076,0.22311141428571432
WA,14,1,921,1079,0.22335107142857133
WA,15,1,918,1082,0.1958759571428572
WA,16,1,915,1085,0.19526594285714288
WA,17,1,912,1088,0.1953252285714286
WA,18,1,909,1091,0.1955331285714285
WA,19,1,906,1094,0.19552905714285715
WA,20,1,904,1096,0.19549027142857148
WA,21,1,901,1099,0.2172591285714286
WA,22,1,898,1102,0.2206706571428572
WA,23,1,895,1105,0.2203636857142857
WA,24,1,892,1108,0.22048268571428573
WA,25,1,890,1110,0.22089582857142864
WA,26,1,888,1112,0.22134687142857146
WA,27,1,886,1114,0.22094660000000005
WA,28,1,884,1116,0.22090288571428573
WA,29,1,882,1118,0.2201232857142856
WA,30,1,880,1120,0.2202066571428572
WA,31,1,877,1123,0.24936571428571433
WA,32,1,875,1125,0.25484697142857143
WA,33,1,873,1127,0.2559448428571428
WA,34,1,871,1129,0.17658049285714283
WA,35,1,870,1130,0.1324345964285714
WA,36,1,869,1131,0.12696670714285715
WA,37,1,868,1132,0.12696927142857142
WA,38,1,867,1133,0.1270385714285713
WA,39,1,866,1134,0.11792625714285719
WA,40,1,865,1135,0.11916785714285723
WA,41,1,864,1136,0.12449544999999994
WA,42,1,863,1137,0.1158206642857143
WA,43,1,862,1138,0.11525837142857127
WA,44,1,861,1139,0.11426160000000003
ME,10,1,987,1013,0.09680389999999989
ME,11,1,985,1015,0.09713150000000013
ME,12,1,983,1017,0.0967258142857144
ME,13,1,981,1019,0.09656461428571425
ME,14,1,979,1021,0.09584811428571427
ME,15,1,977,1023,0.09647968571428564
ME,16,1,975,1025,0.09608551428571431
ME,17,1,973,1027,0.09566314285714278
ME,18,1,971,1029,0.0956617142857143
ME,19,1,969,1031,0.09573607142857142
ME,20,1,967,1033,0.09556194285714284
ME,21,1,965,1035,0.09552744285714276
ME,22,1,963,1037,0.09517664285714282
ME,23,1,961,1039,0.0947175
ME,24,1,959,1041,0.0949924
ME,25,1,957,1043,0.09552749999999989
ME,26,1,955,1045,0.09620639999999994
ME,27,1,953,1047,0.09668402857142859
ME,28,1,951,1049,0.10148375714285712
ME,29,1,949,1051,0.1007552571428571
ME,30,1,947,1053,0.1006674000000001
ME,31,1,945,1055,0.10169255714285703
ME,32,1,943,1057,0.10842098571428566
ME,33,1,941,1059,0.10779852857142856
ME,34,1,940,1060,0.06135626785714301
ME,35,1,939,1061,0.05198512976190479
ME,36,1,938,1062,0.05211500714285713
ME,37,1,937,1063,0.052272928571428706
ME,38,1,936,1064,0.06068838571428572
ME,39,1,935,1065,0.0656898428571428
ME,40,1,934,1066,0.06692600714285718
ME,41,1,933,1067,0.06468158571428567
ME,42,1,932,1068,0.06490389285714286
ME,43,1,931,1069,0.06410505000000008
ME,44,1,930,1070,0.06533375
OH,11,1,1029,971,0.033577633333333384
OH,12,1,1028,972,0.03363645714285724
OH,13,1,1027,973,0.019672671428571462
OH,14,1,1027,973,0.014138857142856977
OH,15,1,1027,973,0.01467489999999998
OH,16,1,1027,973,0.014065157142857174
OH,17,1,1027,973,0.014209071428571321
OH,18,1,1027,973,0.014610800000000026
OH,19,1,1027,973,0.012454985714285627
OH,20,0,1027,973,0.0003806714285715174
OH,21,0,1027,973,0.00032931428571430387
OH,22,0,1027,973,0.001046257142857101
OH,23,1,1027,973,0.0040998857142857045
OH,24,1,1027,973,0.005228771428571477
OH,25,1,1027,973,0.0056711857142857265
OH,26,1,1027,973,0.006110771428571411
OH,27,1,1027,973,0.005649614285714222
OH,28,1,1027,973,0.005640671428571409
OH,29,1,1027,973,0.004339971428571374
OH,30,1,1027,973,0.009760514285714379
OH,31,0,1027,973,0.005426528571428691
OH,32,1,1027,973,0.004026785714285807
OH,33,1,1027,973,0.008986357142857102
OH,34,0,1027,973,0.022434588095238156
OH,35,0,1027,973,0.011391904761904784
OH,36,0,1027,973,0.00633428571428567
OH,37,0,1027,973,0.006994507142857031
OH,38,0,1027,973,0.00927262857142864
OH,39,0,1027,973,0.005455478571428643
OH,40,0,1027,973,0.0023935357142857326
OH,41,0,1027,973,0.003821835714285555
OH,42,0,1027,973,0.0032721857142859532
OH,43,0,1027,973,0.005631935714285632
OH,44,0,1027,973,0.007428050000000042
IN,16,0,1073,927,0.1294708285714286
IN,17,0,1075,925,0.12916675714285708
IN,18,0,1077,923,0.1288201428571429
IN,19,0,1079,921,0.1284462285714285
IN,20,0,1081,919,0.1286586857142858
IN,21,0,1083,917,0.12366842857142857
IN,22,0,1085,915,0.11287594285714292
IN,23,0,1087,913,0.1128722285714285
IN,24,0,1089,911,0.11273188571428577
IN,25,0,1090,910,0.11235838571428573
IN,26,0,1091,909,0.11212751428571423
IN,27,0,1092,908,0.11249288571428578
IN,28,0,1093,907,0.11254374285714284
IN,29,0,1094,906,0.11320025714285713
IN,30,0,1096,904,0.12991037142857137
IN,31,0,1098,902,0.13651307142857141
IN,32,0,1100,900,0.14572927142857148
IN,33,0,1102,898,0.1483537285714286
IN,34,0,1104,896,0.14239933214285722
IN,35,0,1105,895,0.08721440476190473
IN,36,0,1106,894,0.0770629642857142
IN,37,0,1107,893,0.07904352857142861
IN,38,0,1108,892,0.08046731428571441
IN,39,0,1109,891,0.08050191428571431
IN,40,0,1110,890,0.07772600714285723
IN,41,0,1111,889,0.0721240499999999
IN,42,0,1112,888,0.06189729999999983
IN,43,0,1113,887,0.05730968571428569
IN,44,0,1114,886,0.055912199999999995
MA,18,1,892,1108,0.2760005666666667
MA,19,1,889,1111,0.29492767142857135
MA,20,1,886,1114,0.3027108000000001
MA,21,1,883,1117,0.30277128571428563
MA,22,1,880,1120,0.30209357142857135
MA,23,1,877,1123,0.3015794714285714
MA,24,1,874,1126,0.3017562
MA,25,1,871,1129,0.3022098
MA,26,1,868,1132,0.3030894285714285
MA,27,1,865,1135,0.3027771714285714
MA,28,1,862,1138,0.3027510142857143
MA,29,1,859,1141,0.3016056857142857
MA,30,1,857,1143,0.3011458
MA,31,1,855,1145,0.3070041142857142
MA,32,1,853,1147,0.30868090000000004
MA,33,1,851,1149,0.3187810428571428
MA,34,1,849,1151,0.23257196666666666
MA,35,1,848,1152,0.17467307500000004
MA,36,1,847,1153,0.17456096428571422
MA,37,1,846,1154,0.17468272857142858
MA,38,1,845,1155,0.1747809714285713
MA,39,1,844,1156,0.17547529285714283
MA,40,1,843,1157,0.17732878571428565
MA,41,1,842,1158,0.18037805714285718
MA,42,1,841,1159,0.1848302214285714
MA,43,1,840,1160,0.18835107857142874
MA,44,1,839,1161,0.19078469999999995
KY,20,0,1115,885,0.16456310000000002
KY,21,0,1117,883,0.1649793571428571
KY,22,0,1119,881,0.16789625714285727
KY,23,0,1121,879,0.16843007142857133
KY,24,0,1123,877,0.16835024285714276
KY,25,0,1125,875,0.17662834285714296
KY,26,0,1127,873,0.18233777142857135
KY,27,0,1129,871,0.18258888571428572
KY,28,0,1131,869,0.18258915714285714
KY,29,0,1133,867,0.16862009999999997
KY,30,0,1135,865,0.17623175714285708
KY,31,0,1137,863,0.18356354285714288
KY,32,0,1138,862,0.17073162857142862
KY,33,0,1139,861,0.1559601
KY,34,0,1140,860,0.1549563416666667
KY,35,0,1141,859,0.09183078571428574
KY,36,0,1142,858,0.07940944285714281
KY,37,0,1143,857,0.07931692142857137
KY,38,0,1144,856,0.09123005
KY,39,0,1145,855,0.09737506428571428
KY,40,0,1146,854,0.0986050000000001
KY,41,0,1147,853,0.1004008928571428
KY,42,0,1148,852,0.09942080714285709
KY,43,0,1149,851,0.09481073571428567
KY,44,0,1150,850,0.09398055
MN,21,1,993,1007,0.045398560000000004
MN,22,1,992,1008,0.04483277142857148
MN,23,1,991,1009,0.04420049999999989
MN,24,1,990,1010,0.04433070000000001
MN,25,1,989,1011,0.05791029999999999
MN,26,1,987,1013,0.09156557142857139
MN,27,1,985,1015,0.09137275714285707
MN,28,1,983,1017,0.09139898571428581
MN,29,1,981,1019,0.09031707142857137
MN,30,1,979,1021,0.09999401428571417
MN,31,1,977,1023,0.07870522857142859
MN,32,1,975,1025,0.07729695714285705
MN,33,1,974,1026,0.06061062857142858
MN,34,1,974,1026,0.013121797619047583
MN,35,1,974,1026,0.022979429761904768
MN,36,1,973,1027,0.03092344285714283
MN,37,1,972,1028,0.02624262142857134
MN,38,1,971,1029,0.02924365000000016
MN,39,1,970,1030,0.03216808571428565
MN,40,1,969,1031,0.03344172857142851
MN,41,1,968,1032,0.03347783571428565
MN,42,1,967,1033,0.03457849285714282
MN,43,1,966,1034,0.03759547857142863
MN,44,1,965,1035,0.03967899999999993
AR,24,0,1102,898,0.020044239999999932
AR,25,0,1102,898,0.01975288571428571
AR,26,0,1102,898,0.0196236857142857
AR,27,0,1102,898,0.020079957142857197
AR,28,0,1102,898,0.02013159999999992
AR,29,0,1102,898,0.020719885714285693
AR,30,0,1102,898,0.02031962857142865
AR,31,0,1102,898,0.020270542857142856
AR,32,0,1102,898,0.019796342857142834
AR,33,0,1102,898,0.018441642857142924
AR,34,0,1102,898,0.04045683809523815
AR,35,0,1102,898,0.01610349404761905
AR,36,0,1102,898,0.01014689285714283
AR,37,0,1102,898,0.010232771428571397
AR,38,0,1102,898,0.01018697857142861
AR,39,0,1102,898,0.009915942857142923
AR,40,0,1102,898,0.030835828571428577
AR,41,0,1103,897,0.08453646428571418
AR,42,0,1104,896,0.07618415000000006
AR,43,0,1105,895,0.09414747142857138
AR,44,0,1106,894,0.09671730000000003
AK,28,0,1060,940,0.03407712500000002
AK,29,0,1061,939,0.031155771428571483
AK,30,0,1061,939,0.0260153714285714
AK,31,0,1062,938,0.046479828571428496
AK,32,0,1063,937,0.04910552857142868
AK,33,0,1064,936,0.048038642857142835
AK,34,0,1065,935,0.0698893976190476
AK,35,0,1066,934,0.03491158452380965
AK,36,0,1066,934,0.027118435714285738
AK,37,0,1066,934,0.027045564285714294
AK,38,0,1066,934,0.026990621428571514
AK,39,0,1066,934,0.02667747142857145
AK,40,0,1066,934,0.02692952142857152
AK,41,0,1066,934,0.030365078571428582
AK,42,0,1066,934,0.029835428571428436
AK,43,0,1067,933,0.03203087857142862
AK,44,0,1068,932,0.0349503
HI,32,1,871,1129,0.26484657999999994
HI,33,1,869,1131,0.2654546857142856
HI,34,1,867,1133,0.19475006785714297
HI,35,1,866,1134,0.13990062738095227
HI,36,1,865,1135,0.13196004285714288
HI,37,1,864,1136,0.1323363571428571
HI,38,1,863,1137,0.13237515000000002
HI,39,1,862,1138,0.13254735714285715
HI,40,1,861,1139,0.13614182142857145
HI,41,1,860,1140,0.14354823571428582
HI,42,1,859,1141,0.1500341000000001
HI,43,1,858,1142,0.15648083571428564
HI,44,1,857,1143,0.15698250000000002
LA,34,0,1074,926,0.12142891999999988
LA,35,0,1075,925,0.08563700357142849
LA,36,0,1076,924,0.07480647857142855
LA,37,0,1077,923,0.07486527142857141
LA,38,0,1078,922,0.07482186428571432
LA,39,0,1079,921,0.06190993571428564
LA,40,0,1080,920,0.06719192142857153
LA,41,0,1081,919,0.08199282857142855
LA,42,0,1082,918,0.08136118571428569
LA,43,0,1083,917,0.08362963571428572
LA,44,0,1084,916,0.08587024999999997
OR,37,1,956,1044,0.0429927
OR,38,1,955,1045,0.04315219999999989
OR,39,1,954,1046,0.043422942857142745
OR,40,1,953,1047,0.06595053571428565
OR,41,1,951,1049,0.08384695000000014
OR,42,1,949,1051,0.08760312857142857
OR,43,1,947,1053,0.09179560000000009
OR,44,1,945,1055,0.09629535000000004
ID,37,0,1134,866,0.14023546428571435
ID,38,0,1135,865,0.14014650714285715
ID,39,0,1136,864,0.13986413571428571
ID,40,0,1137,863,0.13774405714285712
ID,41,0,1138,862,0.13386454285714286
ID,42,0,1139,861,0.11827467142857145
ID,43,0,1140,860,0.10765390000000004
ID,44,0,1141,859,0.10551029999999997
VT,39,1,890,1110,0.10577143333333325
VT,40,1,889,1111,0.11763861428571432
VT,41,1,887,1113,0.14603788571428575
VT,42,1,885,1115,0.15467483571428559
VT,43,1,883,1117,0.16109171428571437
VT,44,1,881,1119,0.16729079999999996
WY,40,0,1198,802,0.19954175000000007
WY,41,0,1199,801,0.2006086071428574
WY,42,0,1200,800,0.18235250000000008
WY,43,0,1201,799,0.18742876428571414
WY,44,0,1202,798,0.18566765000000005
SD,40,0,1116,884,0.10377980000000007
SD,41,0,1117,883,0.10484887857142837
SD,42,0,1118,882,0.08335801428571436
SD,43,0,1119,881,0.0673305357142857
SD,44,0,1120,880,0.06290019999999999
RI,40,1,940,1060,0.11054227499999997
RI,41,1,938,1062,0.10947315714285714
RI,42,1,936,1064,0.14110527142857138
RI,43,1,933,1067,0.15853442857142852
RI,44,1,930,1070,0.1649861
NE,40,0,1098,902,0.0627035750000001
NE,41,0,1099,901,0.0637733642857144
NE,42,0,1100,900,0.04259101428571434
NE,43,0,1100,900,0.03655050000000003
NE,44,0,1100,900,0.03339560000000006
IL,40,1,936,1064,0.07099380714285722
IL,41,1,935,1065,0.08306853571428562
IL,42,1,934,1066,0.08500507857142864
IL,43,1,933,1067,0.08164020714285712
IL,44,1,932,1068,0.07912345000000003
